Name ,Roll_no,number
Nishant Kumar,2.10032E+12,8882833467
Prasuk Jain,2.10032E+12,8630509799
Kartik Pujari,2.10032E+12,9873299312
Naman Mishra,2.10032E+12,7007817140
Nyasa Singh,2.10032E+12,9711072123
